sourceAttributeName;destinationAttributeName;sourceAttributeValue;destinationAttributeValue
ID;Name;0;Paal
ID;Name;1;Nelda
ID;Name;2;Tu
ID;Name;3;Rebekah
ID;Name;4;Julene
ID;Name;5;Vikki
ID;Name;6;Jude
ID;Name;7;William
ID;Name;8;Terrance
ID;Name;9;Jana
ID;Name;10;Myrle
ID;Name;11;Nobuko
ID;Name;12;Henrietta
ID;Name;13;Starla
ID;Name;14;Sherri
ID;Name;15;Von
ID;Name;16;Elliott
ID;Name;17;Ernestine
ID;Name;18;Pilar
ID;Name;19;Benjamin
ID;Name;20;Landon
ID;Name;21;Shala
ID;Name;22;Nathalie
ID;Name;23;Lasandra
ID;Name;24;Ta
ID;Name;25;Jeanelle
ID;Name;26;Vivian
ID;Name;27;Lavonia
ID;Name;28;Jane
ID;Name;29;Kendall
ID;Name;30;Enriqueta
ID;Name;31;Alishia
ID;Name;32;Clayton
ID;Name;33;Jack
ID;Name;34;Johnette
ID;Name;35;Hermelinda
ID;Name;36;Necole
ID;Name;37;Imelda
ID;Name;38;Avery
ID;Name;39;In
ID;Name;40;Julieta
ID;Name;41;Myrtle
ID;Name;42;Veronika
ID;Name;43;Mellie
ID;Name;44;Cherrie
ID;Name;45;Nancee
ID;Name;46;Floretta
ID;Name;47;Cristine
ID;Name;48;Dottie
ID;Name;49;Latricia
ID;Name;50;Jess
ID;Name;51;Milo
ID;Name;52;Jovan
ID;Name;53;Maira
ID;Name;54;Christine
ID;Name;55;Jodee
ID;Name;56;Stefania
ID;Name;57;Hildred
ID;Name;58;Min
ID;Name;59;Frida
ID;Name;60;Hilma
ID;Name;61;Sheri
ID;Name;62;Olympia
ID;Name;63;Noel
ID;Name;64;Titus
ID;Name;65;Larue
ID;Name;66;Dia
ID;Name;67;Genna
ID;Name;68;Tesha
ID;Name;69;Vada
ID;Name;70;Tonie
ID;Name;71;Mittie
ID;Name;72;Maggie
ID;Name;73;Jessika
ID;Name;74;Tanja
ID;Name;75;Stephnie
ID;Name;76;Lorene
ID;Name;77;Adrian
ID;Name;78;Buffy
ID;Name;79;Nikki
ID;Name;80;Gayla
ID;Name;81;Jc
ID;Name;82;Jill
ID;Name;83;Delphia
ID;Name;84;Domenic
ID;Name;85;Tammara
ID;Name;86;Henry
ID;Name;87;Jasper
ID;Name;88;Miles
ID;Name;89;Vince
ID;Name;90;Lou
ID;Name;91;Mac
ID;Name;92;Dillon
ID;Name;93;Francesco
ID;Name;94;Thaddeus
ID;Name;95;Jina
ID;Name;96;Marketta
ID;Name;97;Joni
ID;Name;98;Barton
ID;Name;99;Martina
